path,area,preview
output/external-reference-coverage/summary.json,diff,"{   ""totalCatalogEntries"": 3000,   ""officialSymbTrMetadataEntries"": 3000,   ""curatedReferenceEntries"": 22,   ""missingCuratedEntries"": 2978,   ""curationDecisionEntries"": 5,   ""deferredMissingEntries"": "
output/external-reference-coverage/symbtr-curated-reference-candidate-review-queue.json,diff,"[   {     ""candidateId"": ""muhayyer--ilahi--sofyan--duseli_bu_askin--dede_efendi:divanmakam:search"",     ""catalogId"": ""muhayyer--ilahi--sofyan--duseli_bu_askin--dede_efendi"",     ""status"": ""conflict"", "
scripts/lib/__tests__/external-source-matcher.test.mjs,diff,"import {describe, expect, it} from ""vitest""; import {   inferProvider,   mapInboxSource,   normalizeText,   scoreCatalogEntry, } from ""../external-source-matcher.mjs"";  const catalogEntries = [   {   "
scripts/lib/__tests__/source-curation-validation.test.mjs,diff,"import {describe, expect, it} from ""vitest""; import {validateSourceCurationRegistries} from ""../source-curation-validation.mjs"";  const catalog = [{id: ""hicazkar--pesrev--duyek--test--besteci""}];  fun"
scripts/lib/external-metadata-fetch.mjs,diff,"import fs from ""node:fs""; import path from ""node:path"";  const EXTERNAL_REFERENCE_POLICY = JSON.parse(   fs.readFileSync(path.join(process.cwd(), ""src/data/references/external-reference-policy.json""),"
scripts/lib/external-reference-audit.mjs,diff,"import {existsSync, mkdirSync, readFileSync, writeFileSync} from ""node:fs""; import path from ""node:path"";  export const DEFAULT_OUT_DIR = ""output/external-reference-coverage""; export const DEFAULT_BAT"
scripts/lib/external-source-matcher.mjs,diff,"export function normalizeText(value) {   return String(value ?? """")     .toLocaleLowerCase(""tr-TR"")     .replace(/ý/g, ""i"")     .replace(/ð/g, ""g"")     .replace(/ü/g, ""u"")     .replace(/þ/g, ""s"") "
scripts/lib/source-curation-validation.mjs,diff,const KEBAB_ID_PATTERN = /^[a-z0-9]+(?:-[a-z0-9]+)*$/; const ISO_DATE_PATTERN = /^\d{4}-\d{2}-\d{2}$/; const ISO_DATE_TIME_PATTERN = /^\d{4}-\d{2}-\d{2}T\d{2}:\d{2}:\d{2}(?:\.\d{3})?Z$/;  export const
scripts/map-external-source-inbox.mjs,diff,"import {existsSync, mkdirSync, readFileSync, writeFileSync} from ""node:fs""; import path from ""node:path""; import {fetchExternalHtmlMetadata} from ""./lib/external-metadata-fetch.mjs""; import {inferProv"
