path,area
eslint.config.mjs,diff
next-env.d.ts,diff
next.config.mjs,diff
output/external-reference-coverage/mapped-external-reference-candidates.json,diff
output/external-reference-coverage/reviewed-candidates-2026-05-10.json,diff
output/external-reference-coverage/summary.json,diff
output/external-reference-coverage/symbtr-curated-reference-backlog.json,diff
output/external-reference-coverage/symbtr-curated-reference-bulk-candidates.json,diff
output/external-reference-coverage/symbtr-curated-reference-candidate-review-queue.json,diff
output/external-reference-coverage/symbtr-curated-reference-next-batch.json,diff
output/security-scans/candidate-manifest-import-export-20260601/report.html,diff
output/security-scans/candidate-review-queue-20260601/report.html,diff
output/security-scans/curation-queue-pagination-20260601/report.html,diff
output/symbtr-layout-review/hicazkar--pesrev--devrikebir----tanburi_buyuk_osman_bey-layout-review.html,diff
output/symbtr-layout-review/pdf-measure-extraction-summary.json,diff
package.json,diff
postcss.config.mjs,diff
public/locales/en/translation.json,diff
public/locales/tr/translation.json,diff
scripts/__tests__/import-external-reference-candidates.test.mjs,diff
scripts/audit-external-reference-coverage.mjs,diff
scripts/audit-symbtr-layout-sources.mjs,diff
scripts/build-symbtr-catalog.mjs,diff
scripts/extract-symbtr-pdf-measures.mjs,diff
scripts/import-external-reference-candidates.mjs,diff
scripts/lib/__tests__/external-reference-audit.test.mjs,diff
scripts/lib/__tests__/external-source-intake.test.mjs,diff
scripts/lib/__tests__/external-source-matcher.test.mjs,diff
scripts/lib/__tests__/next-config-security.test.mjs,diff
scripts/lib/__tests__/source-curation-operations.test.mjs,diff
scripts/lib/__tests__/source-curation-validation.test.mjs,diff
scripts/lib/__tests__/symbtr-score-measures.test.mjs,diff
scripts/lib/external-metadata-fetch.mjs,diff
scripts/lib/external-reference-audit.mjs,diff
scripts/lib/external-source-intake.mjs,diff
scripts/lib/external-source-matcher.mjs,diff
scripts/lib/source-curation-operations.mjs,diff
scripts/lib/source-curation-validation.mjs,diff
scripts/lib/symbtr-score-measures.mjs,diff
scripts/lib/zip-entry-reader.mjs,diff
scripts/manage-source-curation.mjs,diff
scripts/map-external-source-inbox.mjs,diff
scripts/render-symbtr-pdf-layout-review.mjs,diff
scripts/stage-external-sources.mjs,diff
scripts/validate-architecture.mjs,diff
scripts/validate-route-layout.mjs,diff
scripts/validate-source-curation.mjs,diff
scripts/validate-symbtr-layout-verification.mjs,diff
src/app/api/external-references/__tests__/route.test.ts,diff
src/app/api/external-references/route.ts,diff
src/app/api/scores/[id]/__tests__/route.test.ts,diff
src/app/api/scores/[id]/route.ts,diff
src/app/api/scores/__tests__/route.test.ts,diff
src/app/api/scores/route.ts,diff
src/app/archive/page.tsx,diff
src/app/globals.css,diff
src/app/page.tsx,diff
src/app/providers.tsx,diff
src/app/references/__tests__/page.test.tsx,diff
src/app/references/curation/[catalogId]/__tests__/page.test.tsx,diff
src/app/references/curation/[catalogId]/page.tsx,diff
src/app/references/curation/__tests__/page.test.tsx,diff
src/app/references/curation/page.tsx,diff
src/app/references/page.tsx,diff
src/app/rhythm/__tests__/page.test.tsx,diff
src/app/rhythm/page.tsx,diff
src/app/studio/follow/__tests__/page.test.tsx,diff
src/app/studio/follow/page.tsx,diff
src/app/studio/page.tsx,diff
src/components/atoms/Badge.tsx,diff
src/components/atoms/Button.tsx,diff
src/components/atoms/Card.tsx,diff
src/components/atoms/Input.tsx,diff
src/components/atoms/__tests__/Badge.test.tsx,diff
src/components/atoms/__tests__/Button.test.tsx,diff
src/components/atoms/__tests__/Input.test.tsx,diff
src/components/atoms/__tests__/Select.test.tsx,diff
src/components/index.ts,diff
src/components/layout/UnifiedLayout.tsx,diff
src/components/molecules/LabeledSelect.tsx,diff
src/components/molecules/LabeledSlider.tsx,diff
src/components/molecules/NoteChip.tsx,diff
src/components/molecules/__tests__/LabeledSlider.test.tsx,diff
src/components/organisms/InstrumentSurface.tsx,diff
src/components/organisms/MakamPanel.tsx,diff
src/components/organisms/PianoRollViewer.tsx,diff
src/components/organisms/UsulPanel.tsx,diff
src/components/organisms/VexFlowViewer.tsx,diff
src/components/organisms/VirtualPiano.tsx,diff
src/components/organisms/__tests__/InstrumentSurface.test.tsx,diff
src/components/organisms/__tests__/MakamPanel.test.tsx,diff
src/components/organisms/__tests__/PianoRollViewer.test.tsx,diff
src/components/organisms/__tests__/UsulPanel.test.tsx,diff
src/components/organisms/__tests__/VirtualPiano.test.tsx,diff
src/components/ui/index.tsx,diff
src/core/application/score-payload.ts,diff
src/core/domain/note-naming.ts,diff
src/data/pieces/__tests__/hicazkarPesrev.test.ts,diff
src/data/pieces/hicazkarPesrev.ts,diff
src/data/references/__tests__/external-sources.test.ts,diff
src/data/references/auto-attached-references.json,diff
src/data/references/embed-states.json,diff
src/data/references/external-curation-decisions.json,diff
src/data/references/external-reference-bulk-candidates.json,diff
src/data/references/external-reference-policy.json,diff
src/data/references/external-source-inbox.json,diff
src/data/references/external-sources.ts,diff
src/data/references/manual-source-corrections.json,diff
src/data/references/piece-external-references.ts,diff
src/data/references/research-source-profiles.json,diff
src/data/references/source-curation.ts,diff
src/data/references/source-feedback-events.json,diff
src/data/references/source-quality-stats.generated.json,diff
src/data/symbtr/__tests__/catalog.test.ts,diff
src/data/symbtr/__tests__/layout.test.ts,diff
src/data/symbtr/catalog.generated.json,diff
src/data/symbtr/catalog.ts,diff
src/data/symbtr/layout-verification.generated.json,diff
src/data/symbtr/layout.generated.json,diff
src/data/symbtr/layout.ts,diff
src/engines/ses/__tests__/rhythm-schedule.test.ts,diff
src/engines/ses/__tests__/sample-library.test.ts,diff
src/engines/ses/engine.ts,diff
src/engines/ses/instruments.ts,diff
src/engines/ses/sample-library.ts,diff
src/engines/usul/__tests__/data.test.ts,diff
src/engines/usul/data.ts,diff
src/features/references/ReferencesCurationDashboard.tsx,diff
src/features/references/ReferencesCurationDetail.tsx,diff
src/hooks/useMidiInput.ts,diff
src/i18n/locales/en.json,diff
src/i18n/locales/tr.json,diff
src/lib/config/app.config.ts,diff
src/lib/config/index.ts,diff
src/lib/config/navigation.config.ts,diff
src/lib/config/routes.config.ts,diff
src/lib/design-system/colors.ts,diff
src/lib/design-system/theme.css,diff
src/lib/design-system/typography.ts,diff
src/lib/services/audio.service.ts,diff
src/lib/theme/colors.ts,diff
src/lib/tokens.ts,diff
src/shared/config/app.config.ts,diff
src/shared/config/index.ts,diff
src/shared/config/navigation.config.ts,diff
src/shared/config/routes.config.ts,diff
src/shared/tokens/index.ts,diff
src/shared/ui/index.ts,diff
tsconfig.json,diff
uno.config.mjs,diff
vitest.config.ts,diff
