path,reason,status
scripts/lib/external-reference-candidate-review.mjs,changed source intake template generation,reviewed
scripts/lib/source-curation-validation.mjs,changed source intake validation gates,reviewed
src/app/api/external-references/__tests__/route.test.ts,changed API fixture coverage for generated template contract,reviewed
scripts/lib/__tests__/external-reference-audit.test.mjs,changed audit regression coverage,reviewed
scripts/lib/__tests__/source-curation-validation.test.mjs,changed validator regression coverage,reviewed
docs/EXTERNAL_SOURCE_PIPELINE.md,changed operator contract documentation,reviewed
PROJECT_PLAN.md,changed project plan and evidence ledger,reviewed
output/external-reference-coverage/symbtr-curated-reference-source-intake-template.json,changed generated worklist artifact,reviewed

